x,y,scene,subset
/mnt/7BCDA59C6DEFFE3C/KITTI-360/data_2d_raw/2013_05_28_drive_0002_sync/image_00/data_rect/0000011507.png,/mnt/7BCDA59C6DEFFE3C/KITTI-360/data_2d_semantics/2013_05_28_drive_0002_sync/0000011507.png,2,test
/mnt/7BCDA59C6DEFFE3C/KITTI-360/data_2d_raw/2013_05_28_drive_0002_sync/image_00/data_rect/0000011508.png,/mnt/7BCDA59C6DEFFE3C/KITTI-360/data_2d_semantics/2013_05_28_drive_0002_sync/0000011508.png,2,test
/mnt/7BCDA59C6DEFFE3C/KITTI-360/data_2d_raw/2013_05_28_drive_0002_sync/image_00/data_rect/0000011509.png,/mnt/7BCDA59C6DEFFE3C/KITTI-360/data_2d_semantics/2013_05_28_drive_0002_sync/0000011509.png,2,test
/mnt/7BCDA59C6DEFFE3C/KITTI-360/data_2d_raw/2013_05_28_drive_0002_sync/image_00/data_rect/0000011510.png,/mnt/7BCDA59C6DEFFE3C/KITTI-360/data_2d_semantics/2013_05_28_drive_0002_sync/0000011510.png,2,test
/mnt/7BCDA59C6DEFFE3C/KITTI-360/data_2d_raw/2013_05_28_drive_0002_sync/image_00/data_rect/0000011511.png,/mnt/7BCDA59C6DEFFE3C/KITTI-360/data_2d_semantics/2013_05_28_drive_0002_sync/0000011511.png,2,test
/mnt/7BCDA59C6DEFFE3C/KITTI-360/data_2d_raw/2013_05_28_drive_0002_sync/image_00/data_rect/0000011512.png,/mnt/7BCDA59C6DEFFE3C/KITTI-360/data_2d_semantics/2013_05_28_drive_0002_sync/0000011512.png,2,test
/mnt/7BCDA59C6DEFFE3C/KITTI-360/data_2d_raw/2013_05_28_drive_0002_sync/image_00/data_rect/0000011513.png,/mnt/7BCDA59C6DEFFE3C/KITTI-360/data_2d_semantics/2013_05_28_drive_0002_sync/0000011513.png,2,test
/mnt/7BCDA59C6DEFFE3C/KITTI-360/data_2d_raw/2013_05_28_drive_0002_sync/image_00/data_rect/0000011514.png,/mnt/7BCDA59C6DEFFE3C/KITTI-360/data_2d_semantics/2013_05_28_drive_0002_sync/0000011514.png,2,test
/mnt/7BCDA59C6DEFFE3C/KITTI-360/data_2d_raw/2013_05_28_drive_0002_sync/image_00/data_rect/0000011515.png,/mnt/7BCDA59C6DEFFE3C/KITTI-360/data_2d_semantics/2013_05_28_drive_0002_sync/0000011515.png,2,test
/mnt/7BCDA59C6DEFFE3C/KITTI-360/data_2d_raw/2013_05_28_drive_0002_sync/image_00/data_rect/0000011516.png,/mnt/7BCDA59C6DEFFE3C/KITTI-360/data_2d_semantics/2013_05_28_drive_0002_sync/0000011516.png,2,test
/mnt/7BCDA59C6DEFFE3C/KITTI-360/data_2d_raw/2013_05_28_drive_0002_sync/image_00/data_rect/0000011517.png,/mnt/7BCDA59C6DEFFE3C/KITTI-360/data_2d_semantics/2013_05_28_drive_0002_sync/0000011517.png,2,test
/mnt/7BCDA59C6DEFFE3C/KITTI-360/data_2d_raw/2013_05_28_drive_0002_sync/image_00/data_rect/0000011518.png,/mnt/7BCDA59C6DEFFE3C/KITTI-360/data_2d_semantics/2013_05_28_drive_0002_sync/0000011518.png,2,test
/mnt/7BCDA59C6DEFFE3C/KITTI-360/data_2d_raw/2013_05_28_drive_0002_sync/image_00/data_rect/0000011519.png,/mnt/7BCDA59C6DEFFE3C/KITTI-360/data_2d_semantics/2013_05_28_drive_0002_sync/0000011519.png,2,test
/mnt/7BCDA59C6DEFFE3C/KITTI-360/data_2d_raw/2013_05_28_drive_0002_sync/image_00/data_rect/0000011520.png,/mnt/7BCDA59C6DEFFE3C/KITTI-360/data_2d_semantics/2013_05_28_drive_0002_sync/0000011520.png,2,test
/mnt/7BCDA59C6DEFFE3C/KITTI-360/data_2d_raw/2013_05_28_drive_0002_sync/image_00/data_rect/0000011521.png,/mnt/7BCDA59C6DEFFE3C/KITTI-360/data_2d_semantics/2013_05_28_drive_0002_sync/0000011521.png,2,test
/mnt/7BCDA59C6DEFFE3C/KITTI-360/data_2d_raw/2013_05_28_drive_0002_sync/image_00/data_rect/0000011522.png,/mnt/7BCDA59C6DEFFE3C/KITTI-360/data_2d_semantics/2013_05_28_drive_0002_sync/0000011522.png,2,test
/mnt/7BCDA59C6DEFFE3C/KITTI-360/data_2d_raw/2013_05_28_drive_0002_sync/image_00/data_rect/0000011523.png,/mnt/7BCDA59C6DEFFE3C/KITTI-360/data_2d_semantics/2013_05_28_drive_0002_sync/0000011523.png,2,test
/mnt/7BCDA59C6DEFFE3C/KITTI-360/data_2d_raw/2013_05_28_drive_0002_sync/image_00/data_rect/0000011524.png,/mnt/7BCDA59C6DEFFE3C/KITTI-360/data_2d_semantics/2013_05_28_drive_0002_sync/0000011524.png,2,test
/mnt/7BCDA59C6DEFFE3C/KITTI-360/data_2d_raw/2013_05_28_drive_0002_sync/image_00/data_rect/0000005667.png,/mnt/7BCDA59C6DEFFE3C/KITTI-360/data_2d_semantics/2013_05_28_drive_0002_sync/0000005667.png,2,test
/mnt/7BCDA59C6DEFFE3C/KITTI-360/data_2d_raw/2013_05_28_drive_0002_sync/image_00/data_rect/0000005668.png,/mnt/7BCDA59C6DEFFE3C/KITTI-360/data_2d_semantics/2013_05_28_drive_0002_sync/0000005668.png,2,test
/mnt/7BCDA59C6DEFFE3C/KITTI-360/data_2d_raw/2013_05_28_drive_0002_sync/image_00/data_rect/0000005669.png,/mnt/7BCDA59C6DEFFE3C/KITTI-360/data_2d_semantics/2013_05_28_drive_0002_sync/0000005669.png,2,test
/mnt/7BCDA59C6DEFFE3C/KITTI-360/data_2d_raw/2013_05_28_drive_0002_sync/image_00/data_rect/0000005670.png,/mnt/7BCDA59C6DEFFE3C/KITTI-360/data_2d_semantics/2013_05_28_drive_0002_sync/0000005670.png,2,test
/mnt/7BCDA59C6DEFFE3C/KITTI-360/data_2d_raw/2013_05_28_drive_0002_sync/image_00/data_rect/0000005671.png,/mnt/7BCDA59C6DEFFE3C/KITTI-360/data_2d_semantics/2013_05_28_drive_0002_sync/0000005671.png,2,test
/mnt/7BCDA59C6DEFFE3C/KITTI-360/data_2d_raw/2013_05_28_drive_0002_sync/image_00/data_rect/0000005672.png,/mnt/7BCDA59C6DEFFE3C/KITTI-360/data_2d_semantics/2013_05_28_drive_0002_sync/0000005672.png,2,test
/mnt/7BCDA59C6DEFFE3C/KITTI-360/data_2d_raw/2013_05_28_drive_0002_sync/image_00/data_rect/0000005673.png,/mnt/7BCDA59C6DEFFE3C/KITTI-360/data_2d_semantics/2013_05_28_drive_0002_sync/0000005673.png,2,test
/mnt/7BCDA59C6DEFFE3C/KITTI-360/data_2d_raw/2013_05_28_drive_0002_sync/image_00/data_rect/0000005674.png,/mnt/7BCDA59C6DEFFE3C/KITTI-360/data_2d_semantics/2013_05_28_drive_0002_sync/0000005674.png,2,test
/mnt/7BCDA59C6DEFFE3C/KITTI-360/data_2d_raw/2013_05_28_drive_0002_sync/image_00/data_rect/0000005675.png,/mnt/7BCDA59C6DEFFE3C/KITTI-360/data_2d_semantics/2013_05_28_drive_0002_sync/0000005675.png,2,test
/mnt/7BCDA59C6DEFFE3C/KITTI-360/data_2d_raw/2013_05_28_drive_0002_sync/image_00/data_rect/0000005676.png,/mnt/7BCDA59C6DEFFE3C/KITTI-360/data_2d_semantics/2013_05_28_drive_0002_sync/0000005676.png,2,test
/mnt/7BCDA59C6DEFFE3C/KITTI-360/data_2d_raw/2013_05_28_drive_0002_sync/image_00/data_rect/0000005677.png,/mnt/7BCDA59C6DEFFE3C/KITTI-360/data_2d_semantics/2013_05_28_drive_0002_sync/0000005677.png,2,test
/mnt/7BCDA59C6DEFFE3C/KITTI-360/data_2d_raw/2013_05_28_drive_0002_sync/image_00/data_rect/0000005678.png,/mnt/7BCDA59C6DEFFE3C/KITTI-360/data_2d_semantics/2013_05_28_drive_0002_sync/0000005678.png,2,test
/mnt/7BCDA59C6DEFFE3C/KITTI-360/data_2d_raw/2013_05_28_drive_0002_sync/image_00/data_rect/0000005679.png,/mnt/7BCDA59C6DEFFE3C/KITTI-360/data_2d_semantics/2013_05_28_drive_0002_sync/0000005679.png,2,test
/mnt/7BCDA59C6DEFFE3C/KITTI-360/data_2d_raw/2013_05_28_drive_0002_sync/image_00/data_rect/0000005680.png,/mnt/7BCDA59C6DEFFE3C/KITTI-360/data_2d_semantics/2013_05_28_drive_0002_sync/0000005680.png,2,test
/mnt/7BCDA59C6DEFFE3C/KITTI-360/data_2d_raw/2013_05_28_drive_0002_sync/image_00/data_rect/0000005681.png,/mnt/7BCDA59C6DEFFE3C/KITTI-360/data_2d_semantics/2013_05_28_drive_0002_sync/0000005681.png,2,test
/mnt/7BCDA59C6DEFFE3C/KITTI-360/data_2d_raw/2013_05_28_drive_0002_sync/image_00/data_rect/0000005682.png,/mnt/7BCDA59C6DEFFE3C/KITTI-360/data_2d_semantics/2013_05_28_drive_0002_sync/0000005682.png,2,test
/mnt/7BCDA59C6DEFFE3C/KITTI-360/data_2d_raw/2013_05_28_drive_0002_sync/image_00/data_rect/0000005683.png,/mnt/7BCDA59C6DEFFE3C/KITTI-360/data_2d_semantics/2013_05_28_drive_0002_sync/0000005683.png,2,test
/mnt/7BCDA59C6DEFFE3C/KITTI-360/data_2d_raw/2013_05_28_drive_0002_sync/image_00/data_rect/0000005684.png,/mnt/7BCDA59C6DEFFE3C/KITTI-360/data_2d_semantics/2013_05_28_drive_0002_sync/0000005684.png,2,test
/mnt/7BCDA59C6DEFFE3C/KITTI-360/data_2d_raw/2013_05_28_drive_0002_sync/image_00/data_rect/0000005685.png,/mnt/7BCDA59C6DEFFE3C/KITTI-360/data_2d_semantics/2013_05_28_drive_0002_sync/0000005685.png,2,test
/mnt/7BCDA59C6DEFFE3C/KITTI-360/data_2d_raw/2013_05_28_drive_0002_sync/image_00/data_rect/0000005686.png,/mnt/7BCDA59C6DEFFE3C/KITTI-360/data_2d_semantics/2013_05_28_drive_0002_sync/0000005686.png,2,test
/mnt/7BCDA59C6DEFFE3C/KITTI-360/data_2d_raw/2013_05_28_drive_0002_sync/image_00/data_rect/0000005687.png,/mnt/7BCDA59C6DEFFE3C/KITTI-360/data_2d_semantics/2013_05_28_drive_0002_sync/0000005687.png,2,test
/mnt/7BCDA59C6DEFFE3C/KITTI-360/data_2d_raw/2013_05_28_drive_0002_sync/image_00/data_rect/0000005688.png,/mnt/7BCDA59C6DEFFE3C/KITTI-360/data_2d_semantics/2013_05_28_drive_0002_sync/0000005688.png,2,test
/mnt/7BCDA59C6DEFFE3C/KITTI-360/data_2d_raw/2013_05_28_drive_0002_sync/image_00/data_rect/0000005689.png,/mnt/7BCDA59C6DEFFE3C/KITTI-360/data_2d_semantics/2013_05_28_drive_0002_sync/0000005689.png,2,test
/mnt/7BCDA59C6DEFFE3C/KITTI-360/data_2d_raw/2013_05_28_drive_0002_sync/image_00/data_rect/0000006242.png,/mnt/7BCDA59C6DEFFE3C/KITTI-360/data_2d_semantics/2013_05_28_drive_0002_sync/0000006242.png,2,test
/mnt/7BCDA59C6DEFFE3C/KITTI-360/data_2d_raw/2013_05_28_drive_0002_sync/image_00/data_rect/0000006243.png,/mnt/7BCDA59C6DEFFE3C/KITTI-360/data_2d_semantics/2013_05_28_drive_0002_sync/0000006243.png,2,test
/mnt/7BCDA59C6DEFFE3C/KITTI-360/data_2d_raw/2013_05_28_drive_0002_sync/image_00/data_rect/0000006244.png,/mnt/7BCDA59C6DEFFE3C/KITTI-360/data_2d_semantics/2013_05_28_drive_0002_sync/0000006244.png,2,test
/mnt/7BCDA59C6DEFFE3C/KITTI-360/data_2d_raw/2013_05_28_drive_0002_sync/image_00/data_rect/0000006245.png,/mnt/7BCDA59C6DEFFE3C/KITTI-360/data_2d_semantics/2013_05_28_drive_0002_sync/0000006245.png,2,test
/mnt/7BCDA59C6DEFFE3C/KITTI-360/data_2d_raw/2013_05_28_drive_0002_sync/image_00/data_rect/0000006246.png,/mnt/7BCDA59C6DEFFE3C/KITTI-360/data_2d_semantics/2013_05_28_drive_0002_sync/0000006246.png,2,test
/mnt/7BCDA59C6DEFFE3C/KITTI-360/data_2d_raw/2013_05_28_drive_0002_sync/image_00/data_rect/0000006247.png,/mnt/7BCDA59C6DEFFE3C/KITTI-360/data_2d_semantics/2013_05_28_drive_0002_sync/0000006247.png,2,test
/mnt/7BCDA59C6DEFFE3C/KITTI-360/data_2d_raw/2013_05_28_drive_0002_sync/image_00/data_rect/0000006248.png,/mnt/7BCDA59C6DEFFE3C/KITTI-360/data_2d_semantics/2013_05_28_drive_0002_sync/0000006248.png,2,test
/mnt/7BCDA59C6DEFFE3C/KITTI-360/data_2d_raw/2013_05_28_drive_0002_sync/image_00/data_rect/0000006249.png,/mnt/7BCDA59C6DEFFE3C/KITTI-360/data_2d_semantics/2013_05_28_drive_0002_sync/0000006249.png,2,test
/mnt/7BCDA59C6DEFFE3C/KITTI-360/data_2d_raw/2013_05_28_drive_0002_sync/image_00/data_rect/0000006250.png,/mnt/7BCDA59C6DEFFE3C/KITTI-360/data_2d_semantics/2013_05_28_drive_0002_sync/0000006250.png,2,test
/mnt/7BCDA59C6DEFFE3C/KITTI-360/data_2d_raw/2013_05_28_drive_0002_sync/image_00/data_rect/0000006251.png,/mnt/7BCDA59C6DEFFE3C/KITTI-360/data_2d_semantics/2013_05_28_drive_0002_sync/0000006251.png,2,test
/mnt/7BCDA59C6DEFFE3C/KITTI-360/data_2d_raw/2013_05_28_drive_0002_sync/image_00/data_rect/0000006252.png,/mnt/7BCDA59C6DEFFE3C/KITTI-360/data_2d_semantics/2013_05_28_drive_0002_sync/0000006252.png,2,test
/mnt/7BCDA59C6DEFFE3C/KITTI-360/data_2d_raw/2013_05_28_drive_0002_sync/image_00/data_rect/0000006253.png,/mnt/7BCDA59C6DEFFE3C/KITTI-360/data_2d_semantics/2013_05_28_drive_0002_sync/0000006253.png,2,test
/mnt/7BCDA59C6DEFFE3C/KITTI-360/data_2d_raw/2013_05_28_drive_0002_sync/image_00/data_rect/0000006254.png,/mnt/7BCDA59C6DEFFE3C/KITTI-360/data_2d_semantics/2013_05_28_drive_0002_sync/0000006254.png,2,test
/mnt/7BCDA59C6DEFFE3C/KITTI-360/data_2d_raw/2013_05_28_drive_0002_sync/image_00/data_rect/0000006255.png,/mnt/7BCDA59C6DEFFE3C/KITTI-360/data_2d_semantics/2013_05_28_drive_0002_sync/0000006255.png,2,test
/mnt/7BCDA59C6DEFFE3C/KITTI-360/data_2d_raw/2013_05_28_drive_0002_sync/image_00/data_rect/0000006256.png,/mnt/7BCDA59C6DEFFE3C/KITTI-360/data_2d_semantics/2013_05_28_drive_0002_sync/0000006256.png,2,test
/mnt/7BCDA59C6DEFFE3C/KITTI-360/data_2d_raw/2013_05_28_drive_0002_sync/image_00/data_rect/0000006257.png,/mnt/7BCDA59C6DEFFE3C/KITTI-360/data_2d_semantics/2013_05_28_drive_0002_sync/0000006257.png,2,test
/mnt/7BCDA59C6DEFFE3C/KITTI-360/data_2d_raw/2013_05_28_drive_0002_sync/image_00/data_rect/0000006258.png,/mnt/7BCDA59C6DEFFE3C/KITTI-360/data_2d_semantics/2013_05_28_drive_0002_sync/0000006258.png,2,test
/mnt/7BCDA59C6DEFFE3C/KITTI-360/data_2d_raw/2013_05_28_drive_0002_sync/image_00/data_rect/0000006259.png,/mnt/7BCDA59C6DEFFE3C/KITTI-360/data_2d_semantics/2013_05_28_drive_0002_sync/0000006259.png,2,test
/mnt/7BCDA59C6DEFFE3C/KITTI-360/data_2d_raw/2013_05_28_drive_0002_sync/image_00/data_rect/0000006260.png,/mnt/7BCDA59C6DEFFE3C/KITTI-360/data_2d_semantics/2013_05_28_drive_0002_sync/0000006260.png,2,test
/mnt/7BCDA59C6DEFFE3C/KITTI-360/data_2d_raw/2013_05_28_drive_0003_sync/image_00/data_rect/0000000238.png,/mnt/7BCDA59C6DEFFE3C/KITTI-360/data_2d_semantics/2013_05_28_drive_0003_sync/0000000238.png,3,test
/mnt/7BCDA59C6DEFFE3C/KITTI-360/data_2d_raw/2013_05_28_drive_0003_sync/image_00/data_rect/0000000239.png,/mnt/7BCDA59C6DEFFE3C/KITTI-360/data_2d_semantics/2013_05_28_drive_0003_sync/0000000239.png,3,test
/mnt/7BCDA59C6DEFFE3C/KITTI-360/data_2d_raw/2013_05_28_drive_0003_sync/image_00/data_rect/0000000240.png,/mnt/7BCDA59C6DEFFE3C/KITTI-360/data_2d_semantics/2013_05_28_drive_0003_sync/0000000240.png,3,test
/mnt/7BCDA59C6DEFFE3C/KITTI-360/data_2d_raw/2013_05_28_drive_0003_sync/image_00/data_rect/0000000241.png,/mnt/7BCDA59C6DEFFE3C/KITTI-360/data_2d_semantics/2013_05_28_drive_0003_sync/0000000241.png,3,test
/mnt/7BCDA59C6DEFFE3C/KITTI-360/data_2d_raw/2013_05_28_drive_0003_sync/image_00/data_rect/0000000242.png,/mnt/7BCDA59C6DEFFE3C/KITTI-360/data_2d_semantics/2013_05_28_drive_0003_sync/0000000242.png,3,test
/mnt/7BCDA59C6DEFFE3C/KITTI-360/data_2d_raw/2013_05_28_drive_0003_sync/image_00/data_rect/0000000243.png,/mnt/7BCDA59C6DEFFE3C/KITTI-360/data_2d_semantics/2013_05_28_drive_0003_sync/0000000243.png,3,test
/mnt/7BCDA59C6DEFFE3C/KITTI-360/data_2d_raw/2013_05_28_drive_0003_sync/image_00/data_rect/0000000732.png,/mnt/7BCDA59C6DEFFE3C/KITTI-360/data_2d_semantics/2013_05_28_drive_0003_sync/0000000732.png,3,test
/mnt/7BCDA59C6DEFFE3C/KITTI-360/data_2d_raw/2013_05_28_drive_0003_sync/image_00/data_rect/0000000733.png,/mnt/7BCDA59C6DEFFE3C/KITTI-360/data_2d_semantics/2013_05_28_drive_0003_sync/0000000733.png,3,test
/mnt/7BCDA59C6DEFFE3C/KITTI-360/data_2d_raw/2013_05_28_drive_0003_sync/image_00/data_rect/0000000734.png,/mnt/7BCDA59C6DEFFE3C/KITTI-360/data_2d_semantics/2013_05_28_drive_0003_sync/0000000734.png,3,test
/mnt/7BCDA59C6DEFFE3C/KITTI-360/data_2d_raw/2013_05_28_drive_0003_sync/image_00/data_rect/0000000735.png,/mnt/7BCDA59C6DEFFE3C/KITTI-360/data_2d_semantics/2013_05_28_drive_0003_sync/0000000735.png,3,test
/mnt/7BCDA59C6DEFFE3C/KITTI-360/data_2d_raw/2013_05_28_drive_0003_sync/image_00/data_rect/0000000736.png,/mnt/7BCDA59C6DEFFE3C/KITTI-360/data_2d_semantics/2013_05_28_drive_0003_sync/0000000736.png,3,test
/mnt/7BCDA59C6DEFFE3C/KITTI-360/data_2d_raw/2013_05_28_drive_0003_sync/image_00/data_rect/0000000737.png,/mnt/7BCDA59C6DEFFE3C/KITTI-360/data_2d_semantics/2013_05_28_drive_0003_sync/0000000737.png,3,test
/mnt/7BCDA59C6DEFFE3C/KITTI-360/data_2d_raw/2013_05_28_drive_0003_sync/image_00/data_rect/0000000738.png,/mnt/7BCDA59C6DEFFE3C/KITTI-360/data_2d_semantics/2013_05_28_drive_0003_sync/0000000738.png,3,test
/mnt/7BCDA59C6DEFFE3C/KITTI-360/data_2d_raw/2013_05_28_drive_0003_sync/image_00/data_rect/0000000739.png,/mnt/7BCDA59C6DEFFE3C/KITTI-360/data_2d_semantics/2013_05_28_drive_0003_sync/0000000739.png,3,test
/mnt/7BCDA59C6DEFFE3C/KITTI-360/data_2d_raw/2013_05_28_drive_0003_sync/image_00/data_rect/0000000740.png,/mnt/7BCDA59C6DEFFE3C/KITTI-360/data_2d_semantics/2013_05_28_drive_0003_sync/0000000740.png,3,test
/mnt/7BCDA59C6DEFFE3C/KITTI-360/data_2d_raw/2013_05_28_drive_0003_sync/image_00/data_rect/0000000741.png,/mnt/7BCDA59C6DEFFE3C/KITTI-360/data_2d_semantics/2013_05_28_drive_0003_sync/0000000741.png,3,test
/mnt/7BCDA59C6DEFFE3C/KITTI-360/data_2d_raw/2013_05_28_drive_0003_sync/image_00/data_rect/0000000742.png,/mnt/7BCDA59C6DEFFE3C/KITTI-360/data_2d_semantics/2013_05_28_drive_0003_sync/0000000742.png,3,test
/mnt/7BCDA59C6DEFFE3C/KITTI-360/data_2d_raw/2013_05_28_drive_0003_sync/image_00/data_rect/0000000743.png,/mnt/7BCDA59C6DEFFE3C/KITTI-360/data_2d_semantics/2013_05_28_drive_0003_sync/0000000743.png,3,test
/mnt/7BCDA59C6DEFFE3C/KITTI-360/data_2d_raw/2013_05_28_drive_0003_sync/image_00/data_rect/0000000744.png,/mnt/7BCDA59C6DEFFE3C/KITTI-360/data_2d_semantics/2013_05_28_drive_0003_sync/0000000744.png,3,test
/mnt/7BCDA59C6DEFFE3C/KITTI-360/data_2d_raw/2013_05_28_drive_0003_sync/image_00/data_rect/0000000745.png,/mnt/7BCDA59C6DEFFE3C/KITTI-360/data_2d_semantics/2013_05_28_drive_0003_sync/0000000745.png,3,test
/mnt/7BCDA59C6DEFFE3C/KITTI-360/data_2d_raw/2013_05_28_drive_0003_sync/image_00/data_rect/0000000746.png,/mnt/7BCDA59C6DEFFE3C/KITTI-360/data_2d_semantics/2013_05_28_drive_0003_sync/0000000746.png,3,test
/mnt/7BCDA59C6DEFFE3C/KITTI-360/data_2d_raw/2013_05_28_drive_0003_sync/image_00/data_rect/0000000747.png,/mnt/7BCDA59C6DEFFE3C/KITTI-360/data_2d_semantics/2013_05_28_drive_0003_sync/0000000747.png,3,test
/mnt/7BCDA59C6DEFFE3C/KITTI-360/data_2d_raw/2013_05_28_drive_0003_sync/image_00/data_rect/0000000748.png,/mnt/7BCDA59C6DEFFE3C/KITTI-360/data_2d_semantics/2013_05_28_drive_0003_sync/0000000748.png,3,test
/mnt/7BCDA59C6DEFFE3C/KITTI-360/data_2d_raw/2013_05_28_drive_0003_sync/image_00/data_rect/0000000749.png,/mnt/7BCDA59C6DEFFE3C/KITTI-360/data_2d_semantics/2013_05_28_drive_0003_sync/0000000749.png,3,test
/mnt/7BCDA59C6DEFFE3C/KITTI-360/data_2d_raw/2013_05_28_drive_0003_sync/image_00/data_rect/0000000750.png,/mnt/7BCDA59C6DEFFE3C/KITTI-360/data_2d_semantics/2013_05_28_drive_0003_sync/0000000750.png,3,test
/mnt/7BCDA59C6DEFFE3C/KITTI-360/data_2d_raw/2013_05_28_drive_0003_sync/image_00/data_rect/0000000751.png,/mnt/7BCDA59C6DEFFE3C/KITTI-360/data_2d_semantics/2013_05_28_drive_0003_sync/0000000751.png,3,test
/mnt/7BCDA59C6DEFFE3C/KITTI-360/data_2d_raw/2013_05_28_drive_0003_sync/image_00/data_rect/0000000752.png,/mnt/7BCDA59C6DEFFE3C/KITTI-360/data_2d_semantics/2013_05_28_drive_0003_sync/0000000752.png,3,test
/mnt/7BCDA59C6DEFFE3C/KITTI-360/data_2d_raw/2013_05_28_drive_0003_sync/image_00/data_rect/0000000753.png,/mnt/7BCDA59C6DEFFE3C/KITTI-360/data_2d_semantics/2013_05_28_drive_0003_sync/0000000753.png,3,test
/mnt/7BCDA59C6DEFFE3C/KITTI-360/data_2d_raw/2013_05_28_drive_0003_sync/image_00/data_rect/0000000754.png,/mnt/7BCDA59C6DEFFE3C/KITTI-360/data_2d_semantics/2013_05_28_drive_0003_sync/0000000754.png,3,test
/mnt/7BCDA59C6DEFFE3C/KITTI-360/data_2d_raw/2013_05_28_drive_0003_sync/image_00/data_rect/0000000755.png,/mnt/7BCDA59C6DEFFE3C/KITTI-360/data_2d_semantics/2013_05_28_drive_0003_sync/0000000755.png,3,test
/mnt/7BCDA59C6DEFFE3C/KITTI-360/data_2d_raw/2013_05_28_drive_0003_sync/image_00/data_rect/0000000756.png,/mnt/7BCDA59C6DEFFE3C/KITTI-360/data_2d_semantics/2013_05_28_drive_0003_sync/0000000756.png,3,test
/mnt/7BCDA59C6DEFFE3C/KITTI-360/data_2d_raw/2013_05_28_drive_0003_sync/image_00/data_rect/0000000757.png,/mnt/7BCDA59C6DEFFE3C/KITTI-360/data_2d_semantics/2013_05_28_drive_0003_sync/0000000757.png,3,test
/mnt/7BCDA59C6DEFFE3C/KITTI-360/data_2d_raw/2013_05_28_drive_0003_sync/image_00/data_rect/0000000758.png,/mnt/7BCDA59C6DEFFE3C/KITTI-360/data_2d_semantics/2013_05_28_drive_0003_sync/0000000758.png,3,test
/mnt/7BCDA59C6DEFFE3C/KITTI-360/data_2d_raw/2013_05_28_drive_0003_sync/image_00/data_rect/0000000759.png,/mnt/7BCDA59C6DEFFE3C/KITTI-360/data_2d_semantics/2013_05_28_drive_0003_sync/0000000759.png,3,test
/mnt/7BCDA59C6DEFFE3C/KITTI-360/data_2d_raw/2013_05_28_drive_0003_sync/image_00/data_rect/0000000760.png,/mnt/7BCDA59C6DEFFE3C/KITTI-360/data_2d_semantics/2013_05_28_drive_0003_sync/0000000760.png,3,test
/mnt/7BCDA59C6DEFFE3C/KITTI-360/data_2d_raw/2013_05_28_drive_0003_sync/image_00/data_rect/0000000761.png,/mnt/7BCDA59C6DEFFE3C/KITTI-360/data_2d_semantics/2013_05_28_drive_0003_sync/0000000761.png,3,test
/mnt/7BCDA59C6DEFFE3C/KITTI-360/data_2d_raw/2013_05_28_drive_0003_sync/image_00/data_rect/0000000762.png,/mnt/7BCDA59C6DEFFE3C/KITTI-360/data_2d_semantics/2013_05_28_drive_0003_sync/0000000762.png,3,test
/mnt/7BCDA59C6DEFFE3C/KITTI-360/data_2d_raw/2013_05_28_drive_0003_sync/image_00/data_rect/0000000763.png,/mnt/7BCDA59C6DEFFE3C/KITTI-360/data_2d_semantics/2013_05_28_drive_0003_sync/0000000763.png,3,test
/mnt/7BCDA59C6DEFFE3C/KITTI-360/data_2d_raw/2013_05_28_drive_0003_sync/image_00/data_rect/0000000764.png,/mnt/7BCDA59C6DEFFE3C/KITTI-360/data_2d_semantics/2013_05_28_drive_0003_sync/0000000764.png,3,test
/mnt/7BCDA59C6DEFFE3C/KITTI-360/data_2d_raw/2013_05_28_drive_0003_sync/image_00/data_rect/0000000765.png,/mnt/7BCDA59C6DEFFE3C/KITTI-360/data_2d_semantics/2013_05_28_drive_0003_sync/0000000765.png,3,test
/mnt/7BCDA59C6DEFFE3C/KITTI-360/data_2d_raw/2013_05_28_drive_0003_sync/image_00/data_rect/0000000136.png,/mnt/7BCDA59C6DEFFE3C/KITTI-360/data_2d_semantics/2013_05_28_drive_0003_sync/0000000136.png,3,test
/mnt/7BCDA59C6DEFFE3C/KITTI-360/data_2d_raw/2013_05_28_drive_0003_sync/image_00/data_rect/0000000137.png,/mnt/7BCDA59C6DEFFE3C/KITTI-360/data_2d_semantics/2013_05_28_drive_0003_sync/0000000137.png,3,test
/mnt/7BCDA59C6DEFFE3C/KITTI-360/data_2d_raw/2013_05_28_drive_0003_sync/image_00/data_rect/0000000138.png,/mnt/7BCDA59C6DEFFE3C/KITTI-360/data_2d_semantics/2013_05_28_drive_0003_sync/0000000138.png,3,test
/mnt/7BCDA59C6DEFFE3C/KITTI-360/data_2d_raw/2013_05_28_drive_0003_sync/image_00/data_rect/0000000139.png,/mnt/7BCDA59C6DEFFE3C/KITTI-360/data_2d_semantics/2013_05_28_drive_0003_sync/0000000139.png,3,test
/mnt/7BCDA59C6DEFFE3C/KITTI-360/data_2d_raw/2013_05_28_drive_0003_sync/image_00/data_rect/0000000140.png,/mnt/7BCDA59C6DEFFE3C/KITTI-360/data_2d_semantics/2013_05_28_drive_0003_sync/0000000140.png,3,test
/mnt/7BCDA59C6DEFFE3C/KITTI-360/data_2d_raw/2013_05_28_drive_0003_sync/image_00/data_rect/0000000141.png,/mnt/7BCDA59C6DEFFE3C/KITTI-360/data_2d_semantics/2013_05_28_drive_0003_sync/0000000141.png,3,test
/mnt/7BCDA59C6DEFFE3C/KITTI-360/data_2d_raw/2013_05_28_drive_0003_sync/image_00/data_rect/0000000143.png,/mnt/7BCDA59C6DEFFE3C/KITTI-360/data_2d_semantics/2013_05_28_drive_0003_sync/0000000143.png,3,test
/mnt/7BCDA59C6DEFFE3C/KITTI-360/data_2d_raw/2013_05_28_drive_0003_sync/image_00/data_rect/0000000145.png,/mnt/7BCDA59C6DEFFE3C/KITTI-360/data_2d_semantics/2013_05_28_drive_0003_sync/0000000145.png,3,test
/mnt/7BCDA59C6DEFFE3C/KITTI-360/data_2d_raw/2013_05_28_drive_0003_sync/image_00/data_rect/0000000148.png,/mnt/7BCDA59C6DEFFE3C/KITTI-360/data_2d_semantics/2013_05_28_drive_0003_sync/0000000148.png,3,test
/mnt/7BCDA59C6DEFFE3C/KITTI-360/data_2d_raw/2013_05_28_drive_0003_sync/image_00/data_rect/0000000151.png,/mnt/7BCDA59C6DEFFE3C/KITTI-360/data_2d_semantics/2013_05_28_drive_0003_sync/0000000151.png,3,test
/mnt/7BCDA59C6DEFFE3C/KITTI-360/data_2d_raw/2013_05_28_drive_0003_sync/image_00/data_rect/0000000154.png,/mnt/7BCDA59C6DEFFE3C/KITTI-360/data_2d_semantics/2013_05_28_drive_0003_sync/0000000154.png,3,test
/mnt/7BCDA59C6DEFFE3C/KITTI-360/data_2d_raw/2013_05_28_drive_0003_sync/image_00/data_rect/0000000157.png,/mnt/7BCDA59C6DEFFE3C/KITTI-360/data_2d_semantics/2013_05_28_drive_0003_sync/0000000157.png,3,test
/mnt/7BCDA59C6DEFFE3C/KITTI-360/data_2d_raw/2013_05_28_drive_0003_sync/image_00/data_rect/0000000159.png,/mnt/7BCDA59C6DEFFE3C/KITTI-360/data_2d_semantics/2013_05_28_drive_0003_sync/0000000159.png,3,test
/mnt/7BCDA59C6DEFFE3C/KITTI-360/data_2d_raw/2013_05_28_drive_0003_sync/image_00/data_rect/0000000161.png,/mnt/7BCDA59C6DEFFE3C/KITTI-360/data_2d_semantics/2013_05_28_drive_0003_sync/0000000161.png,3,test
/mnt/7BCDA59C6DEFFE3C/KITTI-360/data_2d_raw/2013_05_28_drive_0003_sync/image_00/data_rect/0000000163.png,/mnt/7BCDA59C6DEFFE3C/KITTI-360/data_2d_semantics/2013_05_28_drive_0003_sync/0000000163.png,3,test
/mnt/7BCDA59C6DEFFE3C/KITTI-360/data_2d_raw/2013_05_28_drive_0003_sync/image_00/data_rect/0000000165.png,/mnt/7BCDA59C6DEFFE3C/KITTI-360/data_2d_semantics/2013_05_28_drive_0003_sync/0000000165.png,3,test
/mnt/7BCDA59C6DEFFE3C/KITTI-360/data_2d_raw/2013_05_28_drive_0003_sync/image_00/data_rect/0000000167.png,/mnt/7BCDA59C6DEFFE3C/KITTI-360/data_2d_semantics/2013_05_28_drive_0003_sync/0000000167.png,3,test
/mnt/7BCDA59C6DEFFE3C/KITTI-360/data_2d_raw/2013_05_28_drive_0003_sync/image_00/data_rect/0000000168.png,/mnt/7BCDA59C6DEFFE3C/KITTI-360/data_2d_semantics/2013_05_28_drive_0003_sync/0000000168.png,3,test
/mnt/7BCDA59C6DEFFE3C/KITTI-360/data_2d_raw/2013_05_28_drive_0003_sync/image_00/data_rect/0000000169.png,/mnt/7BCDA59C6DEFFE3C/KITTI-360/data_2d_semantics/2013_05_28_drive_0003_sync/0000000169.png,3,test